source,material,temperature_C,time_h,location_id,x_sample,y_sample,z_sample,sVM_MPa,stress_xx_MPa,stress_xx_unc_MPa,strain_xx,strain_xx_unc,stress_yy_MPa,stress_yy_unc_MPa,strain_yy,strain_yy_unc,stress_zz_MPa,stress_zz_unc_MPa,strain_zz,strain_zz_unc,stress_xy_MPa,stress_xy_unc_MPa,strain_xy,strain_xy_unc,stress_yz_MPa,stress_yz_unc_MPa,strain_yz,strain_yz_unc,stress_xz_MPa,stress_xz_unc_MPa,strain_xz,strain_xz_unc,sVMFEA_MPa,sHydFEA_MPa,stress_fea_xx_MPa,strain_fea_xx,stress_fea_yy_MPa,strain_fea_yy,stress_fea_zz_MPa,strain_fea_zz,stress_fea_xy_MPa,strain_fea_xy,stress_fea_yz_MPa,strain_fea_yz,stress_fea_xz_MPa,strain_fea_xz,delta_sVM_MPa,abs_delta_sVM_MPa,delta_stress_xx_MPa,delta_stress_yy_MPa,delta_stress_zz_MPa
neutron_diffraction,Type 316H stainless steel,550.0,800.0,1,8.0,0.0,0.0,128.8856917245498,55.578992018786195,5.345147191977365,0.00012874013422450737,1.8163814117085766e-05,124.96098580101598,5.248910079892913,0.0005619545344257471,1.874136715846753e-05,-20.72075543400821,4.69394378338052,-0.0003476680449929406,1.4757376716308572e-05,-3.3330453253454286,2.561507538110468,-2.0811209836303164e-05,1.5993803164787313e-05,13.93641333037625,2.4473756918303806,8.701760518478829e-05,1.528117505142872e-05,-4.696877772695812,3.0588104197927635,-2.9326846580734833e-05,1.9098913840657256e-05,109.67531967540073,56.10698856209152,54.23117647058824,108.76770588235289,120.34509803921573,521.3616666666669,-6.255308823529398,-268.9207843137255,-0.05684407741012193,-0.7096081437942313,0.0003505020277699174,0.004382061517514524,-0.024349332676370183,-0.3040495297655228,19.210372049149058,19.210372049149058,1.347815548197957,4.615887761800252,-14.465446610478814
neutron_diffraction,Type 316H stainless steel,550.0,800.0,2,12.0,0.0,0.0,103.97664353461619,11.548813302893514,5.2332309265039445,0.00021202169988652196,1.7747651646528325e-05,-100.18737759522821,5.164252687421931,-0.00048564817498955516,1.845708357041137e-05,-13.797033739927071,4.631779457181054,5.376470371671533e-05,1.4601335627030821e-05,-11.112964779713348,2.532520979114951,-6.938826789284432e-05,1.581281391837628e-05,-0.2970178453812117,2.4324731499055297,-1.8545504492095167e-06,1.5188125033556479e-05,6.953269452792324,2.8342351441850893,4.3415536095483784e-05,1.769668772954592e-05,113.16612891051811,-33.55775945945947,6.038405405405403,175.25297297297297,-108.97027027027029,-543.0454054054055,2.2585864864864846,151.65405405405403,0.02671617678079386,0.3336273599986654,-0.0008124634601379046,-0.010140873265292304,0.0039062156359261635,0.04878552828190952,-9.189485375901924,9.189485375901924,5.510407897488111,8.782892675042078,-16.055620226413556
neutron_diffraction,Type 316H stainless steel,550.0,800.0,3,8.0,4.0,0.0,90.54992649457209,40.346183423963936,5.2042006014515385,0.0001635063476998932,1.7450637975917463e-05,44.16026746965082,5.397565311324525,0.0001873211163754016,1.944538745020763e-05,-19.776759807201458,4.6803190091005265,-0.0002118954441825053,1.4686592719436081e-05,-3.173764099609106,2.607247740865891,-1.9816673402437346e-05,1.6279400528333367e-05,3.185262134337389,2.533323372816412,1.9888466009521258e-05,1.5817823986365892e-05,37.771257456148454,2.920448242059883,0.00023584004655546352,1.8234993901642196e-05,71.16567579100978,28.802203277932964,40.93291155560123,137.5594100281206,60.85422537579761,261.9366011453769,-15.38052709759994,-214.03591476004073,-0.025526090195737372,-0.31875349108216955,-0.05295082907908662,-0.6612138657349931,11.17502041312045,139.543264511066,19.384250703562316,19.384250703562316,-0.5867281316372939,-16.693957906146792,-4.396232709601518
neutron_diffraction,Type 316H stainless steel,550.0,800.0,4,12.0,4.0,0.0,105.1401321369766,10.214650333346858,4.8905907559481845,0.00015431743813946962,1.60303214831556e-05,-75.07560394006465,5.307133558825926,-0.00037822658854329494,1.9267079016067232e-05,-1.425912078665386,4.74098326742922,8.163490210349073e-05,1.5239851824531499e-05,-8.508586780718344,2.851881268106261,-5.312678575277797e-05,1.7806868405736652e-05,-0.312550781214714,2.4855255603097124,-1.9515365851455316e-06,1.5519379108275278e-05,38.383427567585464,2.898977670854941,0.0002396623770073629,1.8100933749728413e-05,93.35504063440263,-18.00365725123621,17.93284427284427,185.7440845356635,-77.72138047822261,-411.5041692068009,5.777564451669715,109.83556255503626,0.0043404062999258045,0.05429246359855999,-0.027915972881644206,-0.34855566117032455,13.909032378242902,173.7101429248797,11.785091502573977,11.785091502573977,-7.718193939497413,2.6457765381579605,-7.2034765303351005
neutron_diffraction,Type 316H stainless steel,550.0,800.0,5,-4.0,8.0,0.0,89.62435366960902,83.27311732118069,5.067782665373026,0.0004209683975174164,1.6919666432163684e-05,-1.9793683144026268,5.16812300435934,-0.00011133980547549399,1.8589974200898748e-05,-8.82564657806054,4.757617258983188,-0.0001540872990241873,1.5297005367577354e-05,5.19483104744053,2.6856274773907254,3.243601824743356e-05,1.6768795956390868e-05,-0.4251749365841489,2.4742914149011104,-2.6547508235498082e-06,1.5449234200358153e-05,-4.183442292428157,2.9456794619302333,-2.6121005533209954e-05,1.8392535176930237e-05,84.56180277217888,25.645187678086156,81.84098468367503,405.919944623904,-1.2602387764519742,-112.9544942536313,-3.645182872964599,-127.83857758147096,-0.009247441790139126,-0.1155271002911065,0.01465567189821193,0.18301742002020907,-3.6970490913485836,-46.1665121409893,5.0625508974301425,5.0625508974301425,1.43213263750566,-0.7191295379506526,-5.180463705095942
neutron_diffraction,Type 316H stainless steel,550.0,800.0,6,0.0,8.0,0.0,82.9326165813144,71.18686444244206,5.604244754008075,0.00036886785466963155,1.8998054919355562e-05,1.4040825847230545,5.4863294613981255,-6.684902717368718e-05,1.958722180503346e-05,-17.229246030553046,5.014420011856574,-0.00018319371316175264,1.592131029733136e-05,-0.854705245584941,3.132042552728304,-5.3366961675547535e-06,1.9556168134108433e-05,-4.160540475911158,2.650041290018987,-2.5978008825201377e-05,1.6546599274264893e-05,-10.108972146363497,3.0586536756616565,-6.311943584070867e-05,1.9097935145594733e-05,84.03543667353304,34.65748199757403,87.48224546155893,404.2071222972465,23.15738501136743,2.585651338831583,-6.667184480204275,-183.64014422650217,-0.018935444569553775,-0.23637094497688954,-0.007275871661497711,-0.09085820477654463,-6.226274825733421,-77.76232955670403,-1.1028200922186358,1.1028200922186358,-16.295381019116874,-21.753302426644378,-10.562061550348771
neutron_diffraction,Type 316H stainless steel,550.0,800.0,7,4.0,8.0,0.0,58.63428175792865,33.87244185409623,5.825418831701908,0.00011258520112620946,1.9981353197068296e-05,31.79629556856189,5.469368559341034,9.962194627019019e-05,1.9368975814249332e-05,6.748260228664151,5.034564465847902,-5.677554268136647e-05,1.587213553344138e-05,18.19259190479701,2.7871041934927034,0.00011359276896653744,1.7402406671564198e-05,0.8193408520934988,2.6476604367666154,5.11588434477892e-06,1.6531733458835454e-05,24.216633367793673,3.0103167982214316,0.00015120629615012634,1.879612439865089e-05,53.387753594555285,25.81127177780985,41.68826190427089,154.54541923243482,44.319280416297175,170.94961687735866,-8.573726987138507,-159.29950977844683,0.052737435042891495,0.658479235463535,0.03258835365720038,0.40696854946745664,7.848793860716425,98.00520340097478,5.2465281633733625,5.2465281633733625,-7.815820050174658,-12.522984847735284,15.321987215802658
neutron_diffraction,Type 316H stainless steel,550.0,800.0,8,8.0,8.0,0.0,117.84252832896536,4.48125014186459,5.356017729810972,3.916206359360614e-05,1.797609614918945e-05,-1.7563863442982786,5.307843816834069,2.1486992390627901e-07,1.9008497535136877e-05,-10.911373994361256,5.022444487600034,-5.69479797935601e-05,1.62404847321993e-05,-14.403927195513033,2.9030191727393087,-8.993671614759357e-05,1.8126168493201537e-05,-1.7859055314440626,2.6875893835123104,-1.1151019903650734e-05,1.678104590680857e-05,66.01779143659593,2.963693569511023,0.0004122086489699648,1.8505013507190778e-05,48.507236572453614,11.217150913149958,11.077065459623736,23.196579888081388,19.465733716230183,75.57647697209903,3.108653563595953,-26.54919400871355,-0.008121409065160899,-0.10125190764080369,-0.006471413197753883,-0.08089700854410398,26.784584927370897,334.4884156332059,69.33529175651174,69.33529175651174,-6.595815317759146,-21.22212006052846,-14.020027557957208
neutron_diffraction,Type 316H stainless steel,550.0,800.0,9,12.0,8.0,0.0,122.4560597427055,-8.767615574957745,5.027953490547659,5.593952320628509e-05,1.6663507521655794e-05,-66.96453399225844,5.237949169325016,-0.0003074363576432022,1.890680962018991e-05,-5.304101122906514,4.806353897085234,7.7565369541044e-05,1.550126392543918e-05,-9.041293276454224,3.054711121569093,-5.645295314078736e-05,1.907331822248019e-05,-9.087652322122223,2.5870290378249496,-5.674241449910461e-05,1.6153156919102125e-05,60.28281188852115,2.883432569109332,0.0003763999961819857,1.8003871651024122e-05,60.57732611626152,-9.38019206167532,9.820901680531517,99.76426885712691,-38.9708606442968,-204.89675646250905,1.0093827787393221,44.73773586064429,0.0008104461640308395,0.010119811797178094,-0.011408388560816527,-0.14246499906583937,23.389902713416333,292.0670176148735,61.87873362644399,61.87873362644399,-18.58851725548926,-27.99367334796164,-6.313483901645836
neutron_diffraction,Type 316H stainless steel,550.0,800.0,10,-4.0,12.0,0.0,73.91781829577148,-72.40774049801651,5.216437186706955,-0.0003181444268539315,1.7556894235112668e-05,-32.92833798019218,5.070218921326429,-7.163888918166258e-05,1.810166409553685e-05,7.25643443390452,4.90296076180324,0.00017927090930635592,1.593200570929929e-05,2.0498233858528883,3.2194773406540587,1.2798897238496083e-05,2.0102102419693635e-05,-9.18066134413576,2.7198527686611675,-5.732315375850622e-05,1.6982495336030705e-05,-12.089595297328577,2.919412753060136,-7.548625356380769e-05,1.8228528409351094e-05,85.78371330480043,-25.162647736925123,-82.20304514015288,-410.15618674918096,2.6210871860211133,119.47385875500547,4.094014743356389,128.66747178740445,-0.0029394484435363204,-0.03670504559975292,0.0018881045564172316,0.02357183670333833,-3.4929781579905352,-43.621012559155446,-11.865895009028947,11.865895009028947,9.795304642136372,-35.5494251662133,3.1624196905481305
neutron_diffraction,Type 316H stainless steel,550.0,800.0,11,0.0,12.0,0.0,75.20871401560365,-93.47074502186987,5.023381067008965,-0.0003738080921107409,1.694379564643694e-05,-46.92463211839989,4.866903667687055,-8.317870422566005e-05,1.7362411128742217e-05,-13.218532664342895,4.677865165533574,0.00012727889236552507,1.5152332774284228e-05,-14.127337999542219,3.027583488944169,-8.82097201922636e-05,1.890393593096847e-05,-2.4045241718621133,2.6021475938608867,-1.5013614341382953e-05,1.6247555708009437e-05,7.499571987525705,2.806786955242508,4.682659582455075e-05,1.7525303915660537e-05,92.82024177887936,-26.454887245827063,-88.30811463849237,-442.9896303305756,6.051213510499938,146.1830064861675,2.892239390511244,126.46448511676027,-0.03094597706244226,-0.3863851738273565,0.008796971783716289,0.10985310706277744,-0.0603549258158507,-0.7538199106829048,-17.611527763275717,17.611527763275717,-5.162630383377504,-52.97584562889983,-16.110772054854138
neutron_diffraction,Type 316H stainless steel,550.0,800.0,12,4.0,12.0,0.0,102.32324506071508,-107.98923444722307,4.995592008804375,-0.00035494138558524196,1.6977716977401952e-05,-81.33593865199698,4.69430846732745,-0.0001885208069613914,1.6650904728452425e-05,-44.472098498890325,4.576202523285768,4.1653414482396534e-05,1.4811532043907048e-05,-18.032869577884856,2.524637808313931,-0.00011259547833996398,1.5763592168984548e-05,5.242909539680891,2.462703215963493,3.273621566239776e-05,1.5376878616747665e-05,46.043983680324644,2.6330911942982396,0.00028749414200397825,1.6440764530252422e-05,84.8380663869076,-17.703623008076836,-72.51454485920104,-380.2234381139489,15.502331368696794,169.32237066142764,3.9013444662737395,96.90159528487229,0.04265239487063155,0.5327071722401446,-0.008435335738545978,-0.10533059388139374,10.599073346430913,132.36871316306488,17.485178673807482,17.485178673807482,-35.47468958802203,-96.83827002069378,-48.37344296516407
neutron_diffraction,Type 316H stainless steel,550.0,200.0,1,8.0,0.0,0.0,127.43097100456882,29.934654864846287,5.331793338981872,8.621198320415574e-05,1.7306515070877886e-05,87.38922881513096,6.002313232358937,0.00044495273762544556,2.189191243988992e-05,-43.5992348580083,5.207847585942392,-0.00037292645018732653,1.664651524961324e-05,25.304885721672786,3.27201367519512,0.0001580012376767862,2.043013416707197e-05,11.779652852232957,2.678210022738125,7.355100317491798e-05,1.6722482093194148e-05,17.96515769050046,3.164064007751692,0.0001121726919211736,1.9756106975230078e-05,118.91853990786326,59.178222222222246,59.532843137254915,129.21882352941174,127.65784313725496,554.6820588235296,-9.656019607843124,-302.80803921568634,-0.06106207970398757,-0.7627590330165436,0.001132482907756558,0.014178254261229595,-0.027789494137862074,-0.34702461441278465,8.512431096705555,8.512431096705555,-29.598188272408628,-40.268614322123994,-33.94321525016518
neutron_diffraction,Type 316H stainless steel,550.0,200.0,2,12.0,0.0,0.0,121.10070290602975,-29.184608719413124,4.991117374678092,4.260274263001424e-05,1.5668012896381442e-05,-125.13516757494823,6.1546988174740305,-0.0005565031858338148,2.268037808665441e-05,-10.286871562787617,5.0788824487055475,0.0001605983697543101,1.6144572379715205e-05,-26.79957840979922,3.0101538467142688,-0.00016733395299777074,1.8795106945337875e-05,-1.8008565937154324,2.784953759359554,-1.1244372877832944e-05,1.7388979570635263e-05,19.35730806421295,2.873314996836202,0.00012086514303508574,1.7940698516830923e-05,122.8877133804974,-35.25947747747748,8.272216216216213,196.09351351351347,-117.12972972972975,-586.7283783783785,3.0790810810810787,163.66729729729732,0.029378407809321053,0.3668751842705273,-0.0011952685243383303,-0.014926870890824923,0.004407313110212141,0.054945931438692086,-1.7870104744676496,1.7870104744676496,-37.456824935629335,-8.00543784521848,-13.365952643868695
neutron_diffraction,Type 316H stainless steel,550.0,200.0,3,8.0,4.0,0.0,86.11489032566976,34.63491099358746,5.380437042082501,0.00012156120672282526,1.715990625408733e-05,45.72622709146903,6.352123953742616,0.00019081430235837847,2.33011339653009e-05,-11.030285607868011,5.394153205157301,-0.0001635678257155309,1.7233615445890593e-05,-5.745759984423656,3.5674597680255493,-3.5875964780791605e-05,2.227487074669611e-05,6.28286725790426,2.8213058090114087,3.92296101956949e-05,1.7615958222120015e-05,38.658742848389096,3.249468224702625,0.0002413814187606734,2.0289362573752975e-05,74.84452193768306,32.61246869521079,46.02331178355553,153.72097740076046,65.64822335784154,276.2678985229683,-13.834129055764723,-219.9876423546558,-0.015312141354461128,-0.19124192103736715,-0.05133707107114589,-0.6410019391751753,12.368595885611782,154.4653253019927,11.270368387986707,11.270368387986707,-11.388400789968067,-19.921996266372517,2.8038434478967122
neutron_diffraction,Type 316H stainless steel,550.0,200.0,4,12.0,4.0,0.0,109.64371023488216,-19.372449846142494,4.479701894217977,2.1658297353279364e-05,1.4243894787772236e-05,-83.90847769626129,5.185742658467979,-0.0003812983643450233,1.8996163765417875e-05,-1.1358108878985889,4.65003230312511,0.0001355260918242657,1.5151376220174027e-05,-11.808582285609026,2.753941629551363,-7.373163573453441e-05,1.7195342857686558e-05,-11.170792586497736,2.364166318582073,-6.97493390766688e-05,1.4761623842853921e-05,43.02968508438761,2.7125529831670963,0.00026867315564885923,1.6936916187579916e-05,101.56257976579597,-19.489881731355425,20.07596017069701,205.2317767391452,-84.11504775452146,-445.34663957190276,5.56944238975818,114.63077775519884,0.003371572391722373,0.042208402951327606,-0.0285908064928061,-0.35694349622898297,15.918528415633675,198.7959395109395,8.08113046908619,8.08113046908619,-39.4484100168395,0.20657005826016928,-6.705253277656769
neutron_diffraction,Type 316H stainless steel,550.0,200.0,5,-4.0,8.0,0.0,83.94088700042164,60.6014648029227,5.289100945210616,0.0003575192368546799,1.779608793534454e-05,-23.476686257318516,5.278508334651628,-0.00016745653561902135,1.8914949172772757e-05,-21.844666429419632,4.855832660991004,-0.00015726636303506735,1.553385996740198e-05,-0.0991161868363591,2.682214277173206,-6.188718007343398e-07,1.674748426722782e-05,0.008558887185574288,2.4428793344811766,5.34408565733419e-08,1.5253100234809296e-05,-6.095382235606004,2.8530024902447084,-3.8058972007686275e-05,1.7813869207381595e-05,89.29215118476591,27.352653541945923,86.66266046981781,429.0536829498758,-0.9590878721954864,-118.07609202979759,-3.64561197178456,-134.84530270068336,-0.011448911902506657,-0.14292542351957468,0.011467103957054622,0.14319870669594317,-4.1992595644626105,-52.43888643505395,-5.351264184344274,5.351264184344274,-26.06119566689511,-22.51759838512303,-18.19905445763507
neutron_diffraction,Type 316H stainless steel,550.0,200.0,6,0.0,8.0,0.0,69.22384485995164,46.09937615483276,5.110242452376908,0.0002701022219532818,1.7005810649217692e-05,-7.306932696633207,5.276345823386464,-6.33615601436764e-05,1.9015846226850407e-05,-25.80585068047398,4.823064359305294,-0.00017886699926229196,1.550044099271235e-05,-10.813198863263045,3.0749951273593825,-6.751655875598389e-05,1.9199969575707363e-05,1.1312399449629704,2.519935673386613,7.063351851476109e-06,1.573423249724324e-05,9.21815342701594,2.9436119913577126,5.755725066624587e-05,1.8379626092379863e-05,87.72373443340229,36.5864475823428,91.23816618989423,419.7695766738808,26.01175403322159,12.499566046862528,-7.490577476087418,-196.68874326658516,-0.02146376359784174,-0.267969848216454,-0.0018914057423377595,-0.023618930706065244,-6.666439517037501,-83.26373971639435,-18.499889573450645,18.499889573450645,-45.13879003506147,-33.3186867298548,-18.315273204386564
neutron_diffraction,Type 316H stainless steel,550.0,200.0,7,4.0,8.0,0.0,66.8122463185766,9.251776248555565,5.341863282284335,5.757208949062471e-05,1.8069457494252154e-05,11.688363463458026,5.24966454318091,7.278590234464986e-05,1.8758228912462403e-05,-20.797299524252676,4.825073784641346,-0.00013005140801764138,1.537450590126417e-05,-15.029387150743306,2.6774736259805034,-9.384202708756796e-05,1.6717884103683142e-05,0.40568465313791635,2.522840173207536,2.5330553952025997e-06,1.575236791075925e-05,30.570323178623937,2.873603922849611,0.00019087811545677385,1.794250254267074e-05,55.47506882859839,28.89186521760052,43.528899135922124,153.4063405442934,49.70607847504348,191.96494917957284,-6.559381958164057,-159.34248505220899,0.042490863939079936,0.5306642904562963,0.028700452955984793,0.35843713838579094,8.584436135915258,107.20694634399514,11.33717748997821,11.33717748997821,-34.27712288736656,-38.01771501158546,-14.237917566088619
neutron_diffraction,Type 316H stainless steel,550.0,200.0,8,8.0,8.0,0.0,137.58878789801844,-30.234390358655396,5.160191989256298,-5.308524238859154e-05,1.707967895099966e-05,-34.84226973238821,5.455231609426717,-8.185639164897204e-05,1.9727449390219315e-05,-34.27171479973368,4.891783004106508,-7.8293902313373e-05,1.5666311068757364e-05,-10.20534108753686,3.070697730696997,-6.372115410754723e-05,1.917313705020564e-05,-7.10725787396402,2.588960985346186,-4.437702477401925e-05,1.616521981094204e-05,78.41717332042695,2.8482181811654796,0.0004896291797568122,1.778399644825275e-05,53.31756016187911,11.337462026665099,11.03111629507972,22.420390466262173,20.51838603082189,81.65581866818778,2.462883754093685,-31.07566609297708,-0.006362381195809657,-0.07954991465931774,-0.0008708718686305326,-0.010814284255884599,29.428161505099283,367.50303365427175,84.27122773613934,84.27122773613934,-41.265506653735116,-55.360655763210104,-36.73459855382737
neutron_diffraction,Type 316H stainless steel,550.0,200.0,9,12.0,8.0,0.0,140.26756106428311,-38.72622662022487,4.694417559336181,-6.887776427723991e-05,1.5197992935972207e-05,-79.73515080266162,5.229102182483582,-0.00032493348600172315,1.9057305590652972e-05,-8.144438280876534,4.695395231941992,0.00012207193852454483,1.5203172879626801e-05,-27.424805932288802,2.9990151622892633,-0.00017123781265038863,1.8725558086489058e-05,-14.08841592466814,2.5237867643188596,-8.796669455402548e-05,1.5758278333308e-05,65.70660665881003,2.7599266340506805,0.0004102656415769602,1.723271264187742e-05,67.056584956668,-10.999648863826698,9.674912400200993,105.47441731338282,-43.73407766177209,-227.98552844620625,1.0602186700910055,51.69062830104404,4.433215900713841e-05,0.0005538236969165611,-0.015368088919875317,-0.19187910234123934,26.012521355591534,324.8442246384903,73.21097610761511,73.21097610761511,-48.401139020425866,-36.00107314088953,-9.20465695096754
neutron_diffraction,Type 316H stainless steel,550.0,200.0,10,-4.0,12.0,0.0,68.00934204591815,-84.00387679612035,5.163623480561332,-0.0003252048865042544,1.74200517386206e-05,-53.71910029008275,4.954862441317064,-0.00013610969661289766,1.7650961197476978e-05,-8.198310648303687,4.8453558518036495,0.00014811767285772287,1.5773826889503914e-05,0.5329630769503703,3.1558632381259994,3.327769456080361e-06,1.9704902169762337e-05,-8.541579158213034,2.5494312941672406,-5.333278693908626e-05,1.591840027577594e-05,3.542401009441612,2.8470567410318335,2.211840630285494e-05,1.7776744529369496e-05,90.99717533386769,-26.714730493872107,-87.19549872588279,-434.9870895522388,2.8189905351292315,127.06836184929014,4.232316709137241,135.89185657080452,-0.0014920225562561262,-0.018629337648708465,-0.007920841160690454,-0.09888545647094468,-4.027411175828177,-50.2939869858027,-22.98783328794954,22.98783328794954,3.1916219297624338,-56.53809082521198,-12.43062735744093
neutron_diffraction,Type 316H stainless steel,550.0,200.0,11,0.0,12.0,0.0,77.76788060027494,-86.28264875130559,5.13435593745176,-0.0003683633124326025,1.730139802744071e-05,-34.14333619227886,5.021651457023632,-4.2810531576240415e-05,1.7941041765835493e-05,-4.3144127456571635,4.765595942704022,0.00014343835628559263,1.5385520248968166e-05,-0.8353869883358952,3.0202940534648963,-5.216074853999737e-06,1.885842140700033e-05,-16.998976206828015,2.480860212036108,-0.00010613994899873103,1.549024912881082e-05,-2.259934480014345,2.7802885948837974,-1.411081041179689e-05,1.7359850738786636e-05,98.66328374335343,-27.56793938216683,-93.29186455483087,-469.53981490943187,7.549469200252387,160.10264080165652,3.038577208077985,131.9336912212992,-0.032644276859936934,-0.40757497921012786,0.0061218129642827655,0.07644817274157073,-0.02499661368777588,-0.3123429303403995,-20.895403143078497,20.895403143078497,7.009215803525279,-41.69280539253125,-7.352989953735149
neutron_diffraction,Type 316H stainless steel,550.0,200.0,12,4.0,12.0,0.0,85.0007870381791,-92.51017072663088,4.914938037081993,-0.00034790511341509407,1.6530451458672708e-05,-52.08574829277266,4.844324297990661,-9.549896358417438e-05,1.7330705172419113e-05,-23.5914748377152,4.578240519283985,8.241649994008681e-05,1.4779243930548441e-05,8.86333073478006,2.552384420433081,5.5341772392773056e-05,1.593683930806997e-05,-8.444011975900116,2.4258917220816936,-5.27235869714739e-05,1.5147031240314962e-05,32.54551577552288,2.6409496436638418,0.00020321102533009408,1.6489831921413256e-05,92.31943622244826,-19.409010041475653,-78.78863785199736,-412.433149967256,17.131060903732813,186.49785854616894,3.43054682383759,100.95311722331367,0.03926390414652474,0.4903083742274962,-0.007623835022266761,-0.09520058226379038,12.230153896529146,152.71897838899804,-7.318649184269162,7.318649184269162,-13.72153287463351,-69.21680919650547,-27.02202166155279
neutron_diffraction,Type 316H stainless steel,550.0,50.0,1,8.0,0.0,0.0,115.23083989904212,54.50554279831563,5.381461001481522,0.00011136816248641665,1.745996158203855e-05,119.96364809382145,6.102915205975018,0.0005200821857949409,2.2275097780825553e-05,-6.838399920249266,5.223609707270145,-0.00027165743107340323,1.6617282637852715e-05,-12.938867177351247,3.0857976735686967,-8.078902432687609e-05,1.9267419620331375e-05,11.967910112181805,2.703687767678344,7.472646313947664e-05,1.688156264696722e-05,9.710988211472598,2.9266016783641158,6.063446297895086e-05,1.8273415357590576e-05,130.40752625342958,62.053352941176506,65.52176470588236,154.79078431372545,135.55000000000007,592.231960784314,-14.911705882352926,-347.42029411764713,-0.05521793232395381,-0.6894533558092756,0.0005921557705889716,0.007288911884842875,-0.030671781635335377,-0.38299920911664675,-15.176686354387456,15.176686354387456,-11.016221907566731,-15.58635190617862,8.07330596210366
neutron_diffraction,Type 316H stainless steel,550.0,50.0,2,12.0,0.0,0.0,120.61757134531318,-13.851965234428096,5.335122736267257,6.315853106800059e-05,1.5809205473369765e-05,-109.79433532215953,7.27222583181148,-0.0005358962675285664,2.705909634330424e-05,14.081963524415908,5.883443119347193,0.00023757525697688022,1.8853419466299335e-05,-16.84539503033403,4.5097490578085155,-0.00010518100311623198,2.8158433141438536e-05,-9.121282073483696,3.0780808430839355,-5.69523953856543e-05,1.9219236483646034e-05,16.14943828873324,3.886843777710839,0.00010083551711989536,2.4269073343755485e-05,135.39001026422676,-37.40132432432434,11.342243243243237,224.02081081081084,-127.5621621621622,-643.0837837837838,4.015945945945944,178.28702702702708,0.02073031997059161,0.258874890224857,-0.0015607105444315284,-0.01947873205431417,0.005150668784727329,0.06434793489141877,-14.77243891891358,14.77243891891358,-25.19420847767133,17.76782684000267,10.066017578469964
neutron_diffraction,Type 316H stainless steel,550.0,50.0,3,8.0,4.0,0.0,87.40606169908625,47.362075344453494,5.407362487681747,0.00014563337420276865,1.7424040803204814e-05,59.015151838098646,6.239206592976668,0.00021839404694357743,2.282237256765198e-05,3.51068256506532,5.315181159621665,-0.00012817044412706964,1.693050176906215e-05,-1.012868207128068,3.631989879924853,-6.324250268897205e-06,2.2677790469774692e-05,7.524562270735075,2.752428387767987,4.6982632714833636e-05,1.7185894323624507e-05,40.40273228698326,3.312414786168142,0.00025227071866994427,2.068239476241572e-05,77.38897561931253,37.17455125701847,51.766169713842615,170.89070572408187,70.4739912555237,287.7063157353862,-10.716507198310898,-219.24027616102546,-0.01658363598661974,-0.20710380760750707,-0.041977917360059444,-0.5240976085026664,13.7363892132774,171.53567779033804,10.01708607977372,10.01708607977372,-4.404094369389121,-11.458839417425054,14.227189763376218
neutron_diffraction,Type 316H stainless steel,550.0,50.0,4,12.0,4.0,0.0,140.10445060910425,-15.708582859554754,4.664044877240045,4.303915241082469e-05,1.4530641801541918e-05,-100.9650175582656,5.657394318447077,-0.0004892937081469797,2.0834281382049216e-05,13.352127901930563,4.983858589452826,0.0002244913952142452,1.6250190818697898e-05,-23.037358340187037,3.234413388950659,-0.0001438430179289727,2.0195361648082167e-05,-11.274599902571145,2.528941232918821,-7.039750183068813e-05,1.5790462332371175e-05,48.52817215073544,2.9965503353893523,0.0003030051724533725,1.871016794779693e-05,111.60268757671585,-21.55682611935244,22.44061979272505,228.4323315044368,-92.17335704125179,-487.17963015647234,5.062258890469418,119.94323552123556,-0.00027392606167774003,-0.0033615697233526087,-0.02274779477038877,-0.28415718596569756,18.33566890198469,228.97796111901368,28.501763032388396,28.501763032388396,-38.149202652279804,-8.79166051701381,8.289869011461146
neutron_diffraction,Type 316H stainless steel,550.0,50.0,5,-4.0,8.0,0.0,106.29192397674134,96.47215696172407,5.112080897675726,0.000496970149039703,1.7116424312860526e-05,-10.986620977388437,5.1631162566573305,-0.00017399197662890204,1.8542416929745197e-05,-8.323106134808075,4.7694714467440384,-0.0001573612498069369,1.5326348420443944e-05,1.9917943293646088,2.6216576957130266,1.243656947115463e-05,1.636937488054963e-05,1.0392654298966888,2.4522992853258794,6.489071952525668e-06,1.5311917488864027e-05,-2.2034770512979027,2.798348097234159,-1.3758295734933246e-05,1.7472612509559624e-05,90.05897668114663,28.336786194797867,88.09936603159952,433.9819658514074,-0.5322416968817987,-119.43663831937941,-2.556765750324125,-132.07928648339814,-0.009557675214416632,-0.11943536577600009,0.012679592405027737,0.1583405934346713,-4.882660359944623,-60.97864372514119,16.232947295594713,16.232947295594713,8.372790930124552,-10.454379280506638,-5.76634038448395
neutron_diffraction,Type 316H stainless steel,550.0,50.0,6,0.0,8.0,0.0,95.24212294871565,83.22130093273168,6.027441185931727,0.00043134302277028706,2.064298277410383e-05,-0.608680888636529,5.5970669050801805,-9.208320518752411e-05,1.9790589666527048e-05,-17.977100308424838,5.318851477929151,-0.00020052992156473893,1.6976956015019917e-05,-5.461233407472658,3.2893788571358136,-3.409940859300001e-05,2.053856066894557e-05,5.503841962716612,2.599577760018992,3.436545225501104e-05,1.6231509916216145e-05,5.932616460285318,3.0242726713843706,3.704267838617175e-05,1.888326350913168e-05,86.25257688974526,38.193306189166,91.34438646558021,413.84794669251926,29.307195110294867,26.49262411330571,-6.071663008377085,-194.41256774378547,-0.018961391009877607,-0.23672927770489022,-0.0035170991107402808,-0.04392225160811232,-6.938400400079194,-86.6359635695803,8.98954605897039,8.98954605897039,-8.123085532848535,-29.915875998931394,-11.905437300047753
neutron_diffraction,Type 316H stainless steel,550.0,50.0,7,4.0,8.0,0.0,127.3880785794247,2.4048492178671794,5.548542937622965,0.0001328880448501419,1.8181748310133243e-05,-30.318521638666855,6.115457119149702,-7.143349025407064e-05,2.2237816686216556e-05,-58.385763991375654,5.295481775569214,-0.0002466826132368378,1.683751747341976e-05,-8.628532430602252,2.708593954481829,-5.3875714688638465e-05,1.691219639871581e-05,6.6408351957063,2.6642592765015065,4.146472707562959e-05,1.6635374994741113e-05,66.06820187811572,2.8271394958259184,0.0004125234068487226,1.7652383193449637e-05,57.75843188779969,32.08472244059035,44.93042906931182,149.06658216988714,55.6827609797007,216.2025962618493,-4.35902272724148,-158.68247549717128,0.03037684147383239,0.37942744358941183,0.025368789957511528,0.31682689714938866,9.32724521388849,116.48733592831663,69.62964669162501,69.62964669162501,-42.52557985144464,-86.00128261836755,-54.02674126413417
neutron_diffraction,Type 316H stainless steel,550.0,50.0,8,8.0,8.0,0.0,145.44355920095518,-6.943072645840905,5.230696160379502,-1.8456520391170654e-05,1.7287265082318427e-05,-10.992556099236532,5.449596876465006,-4.374110000261653e-05,1.9677362927666352e-05,-0.29132234951675223,5.071775448401944,2.307635950782893e-05,1.6454899954866877e-05,-19.286375915264845,2.792291394864676,-0.00012042224961726344,1.7434795050862368e-05,-15.097031755534145,2.63810597469396,-9.426439340040831e-05,1.6472076329796434e-05,80.13861880250403,2.831540639189291,0.0005003777174010008,1.7679863503230696e-05,57.98786186098906,11.707735076694114,11.25855163698234,22.310503850276895,22.50548716082652,92.5601594496514,1.3591664322734824,-39.48447800474035,0.0015813798855669609,0.019569900962754794,0.002261326216608123,0.028101391244114565,31.763516635359608,396.6491989162184,87.45569733996612,87.45569733996612,-18.201624282823246,-33.49804326006305,-1.6504887817902347
neutron_diffraction,Type 316H stainless steel,550.0,50.0,9,12.0,8.0,0.0,148.50352653716834,-21.98870355423497,4.699347623351991,-1.6865411926837582e-05,1.5088864778794357e-05,-74.11472884526299,5.299062716092477,-0.0003423352283781345,1.934954094767435e-05,7.931535598001341,4.813040025723484,0.00016995364229200377,1.569157840320351e-05,-31.93087546356928,3.0380494340716866,-0.00019937327118716428,1.896928427127687e-05,-15.468219553424307,2.5680863314356914,-9.65820537969908e-05,1.6034880508476514e-05,66.09284165872468,2.7348137327024213,0.0004126772552349639,1.7075910135898045e-05,74.03422191039672,-13.463724596616606,8.212957400480152,106.44355622243313,-49.54591284685389,-254.19334961755345,0.9417816565239239,61.05273722851879,0.003229814105763942,0.040333023378540056,-0.018627619782232836,-0.23260709227784448,28.937189157500974,361.3715336943777,74.46930462677162,74.46930462677162,-30.201660954715123,-24.5688159984091,6.989753941477417
neutron_diffraction,Type 316H stainless steel,550.0,50.0,10,-4.0,12.0,0.0,65.5631017946309,-73.55810776583054,5.199752164847382,-0.00030557037149943464,1.7114576367473634e-05,-37.671717907575974,5.317595726644159,-8.149925433569876e-05,1.9167772863046752e-05,-1.3146449797327682,5.232494323868939,0.0001455107619942491,1.7284909094836427e-05,1.595890533545771,3.1229811374129155,9.964584794822376e-06,1.9499589540919667e-05,-10.82915236855581,2.646875418728358,-6.761617088659238e-05,1.6526831882791697e-05,-2.8678837697877837,2.9965397057105125,-1.7906786465016407e-05,1.8710101577119297e-05,91.94560126622945,-27.37479905351292,-88.41693483800509,-439.87938296323256,3.011129595922825,130.96507826720057,3.281408081543502,132.65673279941754,-0.0027305319090939507,-0.03408177808894762,-0.0020970280686582275,-0.026197776691917432,-4.834545868219876,-60.37268929741536,-26.38249947159855,26.38249947159855,14.858827072174549,-40.6828475034988,-4.596053061276271
neutron_diffraction,Type 316H stainless steel,550.0,50.0,11,0.0,12.0,0.0,90.80980212594896,-94.08759997478657,5.101106888929412,-0.00039812534577401916,1.701642064696717e-05,-43.38230858215739,5.095765791780716,-8.152645317613955e-05,1.828325698012331e-05,-1.1602060289591207,4.906918670959874,0.0001821042359365131,1.6006899451548373e-05,15.294382672714748,3.101644762685441,9.549663327353601e-05,1.9366367298718852e-05,-9.960633080693519,2.544349583660371,-6.219322118676929e-05,1.5886670571147682e-05,15.836735476284867,2.89709468556167,9.888303126655917e-05,1.808917657326311e-05,104.58189765305633,-28.56480950734792,-98.19793270189902,-496.03006092386613,9.286676887709117,175.01240777758576,3.216827292146135,137.11360271087972,-0.031756478496884885,-0.3965458720328781,0.003714112411513009,0.0463825516819433,-0.020746181723368867,-0.2596068211286289,-13.772095527107368,13.772095527107368,4.11033272711245,-52.66898546986651,-4.377033321105256
neutron_diffraction,Type 316H stainless steel,550.0,50.0,12,4.0,12.0,0.0,111.93803463839868,-92.86027270564507,4.990042961757598,-0.0003461784159628614,1.6951068182381667e-05,-58.06248937519644,4.6611415846936675,-0.00012890445175323099,1.651882576429123e-05,-20.129287172155255,4.607804722259406,0.00010794676200234329,1.4980204190177864e-05,-24.74915526770815,2.4588351555473205,-0.00015453131093983629,1.535272682488083e-05,-0.19463577154382405,2.4041690101683466,-1.2152867686638772e-06,1.5011396746416992e-05,47.33794455712418,2.565119504359157,0.00029557350747862904,1.6016355929657174e-05,99.69849675576287,-20.731035800043657,-84.42504256712508,-442.18991486574976,19.525926653569094,206.84537655533728,2.706008513425016,101.84958873608379,0.02690535784209393,0.3359890872016589,-0.012521019651620816,-0.1563786932389527,14.136486574983632,176.5360412573674,12.239537882635801,12.239537882635801,-8.435230138519998,-77.58841602876554,-22.83529568558027
neutron_diffraction,Type 316H stainless steel,550.0,10.0,1,8.0,0.0,0.0,98.65498860335192,47.48335871243496,5.103097850856996,0.00012997828990500034,1.6524054657178004e-05,88.42908679561346,5.742163474129811,0.00038563942135118806,2.094694792668616e-05,-14.008339360220988,5.04468075621449,-0.0002539698736706076,1.6213433901888617e-05,-21.96771373691927,3.0947721520892277,-0.00013716426138173982,1.932345538865469e-05,-3.5131938675837175,2.6253504905639806,-2.1936039758571508e-05,1.639243233132632e-05,9.529496552213823,2.838140426568037,5.950124676504241e-05,1.772107193174189e-05,135.6336369195877,64.06718954248369,71.48411764705884,183.77999999999997,138.40294117647065,601.8109803921571,-17.68549019607843,-372.9890196078432,-0.04579661862465106,-0.5720780811336508,0.0023058390307478735,0.028912603663820702,-0.03651114817060945,-0.4559481642915023,-36.97864831623578,36.97864831623578,-24.000758934623875,-49.97385438085719,3.677150835857441
neutron_diffraction,Type 316H stainless steel,550.0,10.0,2,12.0,0.0,0.0,123.72712756198302,-15.213587452573808,4.904535835885091,7.941057583514077e-05,1.5320268172223583e-05,-117.6169684569975,5.769358919939628,-0.0005599861445827243,2.1192684912849214e-05,5.14284167564871,5.358795510514075,0.0002065141333186765,1.773939690522004e-05,-20.393625544390925,3.223524893330316,-0.0001273358082771726,2.0127374943720998e-05,-7.298256766718565,2.636364853850595,-4.5569603226340315e-05,1.646120494111591e-05,17.469065371005836,2.881254700833765,0.00010907513987749986,1.7990273253986433e-05,141.27618240306896,-37.530531531531544,14.20348648648648,242.44999999999996,-131.55675675675678,-667.6164864864867,4.761675675675675,183.50783783783785,0.03639034395713042,0.4544428970076992,-0.0025159273891832952,-0.031426373050792863,0.004522094558327049,0.05636574980778586,-17.549054841085933,17.549054841085933,-29.417073939060288,13.939788299759286,0.38116599997303524
neutron_diffraction,Type 316H stainless steel,550.0,10.0,3,8.0,4.0,0.0,93.52442758076884,26.09721136929292,5.2529511487383,8.115697175422423e-05,1.6958975851750473e-05,43.19406733465492,5.999945585983739,0.00018790807241599668,2.1923573822090074e-05,-9.408238192951499,5.177575028223201,-0.0001405355913661312,1.655657533832287e-05,-14.31786741651245,3.4240384324097186,-8.939936728358994e-05,2.137936191943629e-05,-6.9947012163670195,2.8001315148799755,-4.36742319851209e-05,1.748374799534814e-05,44.06459670095224,3.0242640302500017,0.0002751350428157018,1.8883209554731717e-05,78.24295674153424,40.51669885431166,56.33188912452471,185.71390194228272,72.89467194200246,289.1266505666159,-7.676464503592151,-213.95211109969264,-0.010661548775390398,-0.13325595729478057,-0.031129783099825385,-0.38881691309952937,15.170206139818193,189.44914979586872,15.2814708392346,15.2814708392346,-30.234677755231786,-29.700604607347543,-1.7317736893593478
neutron_diffraction,Type 316H stainless steel,550.0,10.0,4,12.0,4.0,0.0,140.62111465858996,-12.04195653554939,4.4543052939014744,5.252029773627923e-05,1.4026035134215648e-05,-95.4604146100857,5.312452516124582,-0.00046833641609497203,1.9523149304739842e-05,14.0010661404906,4.655345259246073,0.00021513039054277288,1.5104486944938996e-05,-24.258126311402403,2.932740927317937,-0.00015146537404192722,1.831174822910712e-05,-15.911833310415618,2.322635546505786,-9.935193481625363e-05,1.4502309753792226e-05,49.799670416030324,2.701949873061034,0.00031094428357326254,1.6870711402527432e-05,117.0675935904765,-22.216493215019543,24.902097812097807,246.53680281785546,-95.50350470771527,-505.3712605838923,3.951927250558831,115.7379762920816,-0.002753472303020959,-0.0342511105725517,-0.018945101558002466,-0.23647891217739764,20.743830522251574,259.03405710221494,23.553521068113454,23.553521068113454,-36.944054347647196,0.043090097629558954,10.049138889931768
neutron_diffraction,Type 316H stainless steel,550.0,10.0,5,-4.0,8.0,0.0,92.84602796475014,96.0094290605985,5.225079416640354,0.00045513444006765327,1.7441754510965843e-05,4.642957669990344,5.366211510569959,-0.00011534889349321729,1.9319839236061277e-05,5.024431068329641,4.875087472939739,-0.0001129670108109036,1.56069175608615e-05,-6.385013557876805,2.5924532635255697,-3.986740172723078e-05,1.6187025255184045e-05,-7.6628543783430905,2.3967545656373557,-4.7846115142825154e-05,1.4965101678125927e-05,1.7124996125022611,2.839599159999064,1.0692680507331192e-05,1.7730180120969766e-05,88.47048516743922,28.68901933621933,87.32106840705823,427.6726037752433,-0.0023565649240779524,-117.57215505306874,-1.251653833476168,-125.37462763970377,-0.003806022726019821,-0.04756248467384476,0.011384327100750664,0.14216161614673534,-5.507331619311314,-68.78884028830728,4.375542797310914,4.375542797310914,8.688360653540272,4.645314234914422,6.27608490180581
neutron_diffraction,Type 316H stainless steel,550.0,10.0,6,0.0,8.0,0.0,74.15845788768932,86.02048703255677,5.357151662199024,0.0003725759119582519,1.7834518799167582e-05,26.686270563574965,5.555654267825219,2.098853029975209e-06,2.0032118344759025e-05,7.7509618689790925,5.0224966340227875,-0.0001161313671118917,1.6077436706255666e-05,1.2378981721521574,3.0974916093848837,7.72931541636469e-06,1.934043541469586e-05,-10.642100830382264,2.5527530878700238,-6.644823933116731e-05,1.5939141231578686e-05,-7.129981440707373,2.9476901688799684,-4.45189085078314e-05,1.8405089834957853e-05,82.36074416975455,39.165637107914414,89.17014303172641,396.2908139153825,32.44789094769613,42.12980164332872,-4.121122655679282,-186.22086522246724,-0.018554330669731597,-0.23168638263457145,7.830773215157863e-05,0.000921546087061742,-7.17188264229779,-89.5775494978528,-8.20228628206523,8.20228628206523,-3.1496559991696387,-5.761620384121166,11.872084524658375
neutron_diffraction,Type 316H stainless steel,550.0,10.0,7,4.0,8.0,0.0,93.68029016381573,38.378919635771695,5.360642914880645,0.00017145160244982596,1.7680916832715488e-05,17.44095312863092,5.86932832821491,4.0716982307678654e-05,2.1314050540673046e-05,-5.90044908021171,4.980348668709232,-0.00010502445587436315,1.565741814560951e-05,-29.116062721315686,2.622881019449251,-0.00018179785504041015,1.6377013194609958e-05,-11.269437852948458,2.52631635967935,-7.036527049645868e-05,1.577407287994911e-05,38.209160137459094,2.7873477088514025,0.00023857426817535437,1.740392715770632e-05,59.80931881855221,34.27400300628524,44.80071952870979,139.3011878767881,60.73783108893059,238.80413389426218,-2.716541598784653,-157.4090102768211,0.02151076587542463,0.2688206384895414,0.020936678922849936,0.2614410983109034,10.132166481065216,126.53393795755916,33.87097134526352,33.87097134526352,-6.421799892938097,-43.29687796029967,-3.1839074814270574
neutron_diffraction,Type 316H stainless steel,550.0,10.0,8,8.0,8.0,0.0,137.21473813225393,0.12735214720232507,5.295506557066697,-2.266809652702159e-06,1.723599678640149e-05,0.3467076503956359,6.0100380045569075,-8.971752913000233e-07,2.1931149933876262e-05,1.7677499424838912,5.054947905183318,7.975674142226645e-06,1.594891968094825e-05,-20.571467483684508,2.7564062661580153,-0.00012844623599568862,1.7210731808206145e-05,-14.40537303449266,2.5560675093493606,-8.99457438251249e-05,1.5959836155937472e-05,75.12967684640951,2.8259765627138003,0.0004691023725044106,1.764512195255446e-05,61.388058416600245,12.21642523316386,11.251200951996946,20.19477334998677,24.41085964929536,102.35701655176487,0.9872150981992703,-43.89273768944054,0.005062852773739416,0.06319428457525895,0.0038753705407968296,0.04847072361033715,33.44097796048426,417.6071082601469,75.82667971565368,75.82667971565368,-11.123848804794621,-24.064151998899725,0.7805348442846208
neutron_diffraction,Type 316H stainless steel,550.0,10.0,9,12.0,8.0,0.0,140.54345545139694,-21.414037968535666,4.725043719078058,-2.3272782220861425e-05,1.5302046142465744e-05,-70.40005806779114,5.239996645652899,-0.0003291367125967005,1.9088256208278793e-05,10.96035230615161,4.7410016317881,0.00017886975217718592,1.5386483276079177e-05,-22.398791018318494,2.8610160341356035,-0.00013985586587047646,1.7863904993627182e-05,-16.625515285014018,2.453052784968441,-0.00010380809543813631,1.531662226712002e-05,64.25080604935573,2.729807337920083,0.0004011757646008553,1.7044650695305886e-05,78.76173823621679,-15.41810764334766,6.694247054882475,104.98134168946457,-53.44285718273686,-270.53076210150186,0.49428719781140085,66.26634735637316,0.007286964879683911,0.09099755502178089,-0.015437545692827362,-0.1928521249612704,31.205487549550554,389.6989986600413,61.78171721518015,61.78171721518015,-28.10828502341814,-16.957200885054277,10.466065108340208
neutron_diffraction,Type 316H stainless steel,550.0,10.0,10,-4.0,12.0,0.0,62.079392032865385,-76.66877688841723,5.062050445617458,-0.00030386148433984194,1.6752668237470277e-05,-44.43366788609994,5.230346840614907,-0.00010258860861805592,1.886420142246061e-05,-6.913377109434472,4.91401872334864,0.00013168442647526997,1.5978714896097065e-05,-4.777087066154684,3.0967012776027203,-2.98276655837951e-05,1.933550066015357e-05,-6.468846782691782,2.5357476313233125,-4.039084820412429e-05,1.583296081996995e-05,-1.0810737289442967,2.9352229873401123,-6.750118892920488e-06,1.8327245969733384e-05,89.96655062323117,-27.272993932775147,-86.90006734619584,-430.8382599199126,3.0384093556607206,130.7239752457226,2.042676192209683,124.50926101201308,-0.00258568081864016,-0.03228523162439506,-0.0012252860741604902,-0.015321391932629547,-5.5861093920640705,-69.7511894794321,-27.887158590365786,27.887158590365786,10.231290457778613,-47.47207724176066,-8.956053301644154
neutron_diffraction,Type 316H stainless steel,550.0,10.0,11,0.0,12.0,0.0,79.37970198490524,-91.2597014049993,5.089912548858635,-0.0003701670431816918,1.709436000372902e-05,-43.62763646286085,4.977819995855372,-7.27570767137053e-05,1.7792597650108136e-05,-11.284711939826614,4.814107746420999,0.00012918898860084992,1.5663963045526073e-05,2.9416955656036294,3.116555335357822,1.8367660116939737e-05,1.945946745979518e-05,-1.3615717799530926,2.4368774680680203,-8.501521357755896e-06,1.5215625166473493e-05,21.711564330403647,2.7472693754156663,0.0001355648894776423,1.7153681953814894e-05,104.13352871234267,-27.94722618641485,-97.20314235582018,-492.3386639685785,10.84094755167417,182.17642187683896,2.5205162449014775,130.23311021252405,-0.024986198531370553,-0.3120259790020244,0.0048192475115431685,0.06018261889107776,0.052746523231699205,0.658521835115812,-24.753826727437428,24.753826727437428,5.943440950820872,-54.46858401453502,-13.805228184728092
neutron_diffraction,Type 316H stainless steel,550.0,10.0,12,4.0,12.0,0.0,103.73492504142189,-87.46606824344781,5.041783096088847,-0.00035953121953998446,1.6985278986102064e-05,-42.59201481114816,4.850322085977335,-7.934200786513793e-05,1.7288564402674998e-05,-6.558586037962512,4.757280842376762,0.00014564720593816764,1.5513764232537986e-05,-0.5562233886484786,2.59348244029643,-3.4730045730246474e-06,1.6193451334533805e-05,-3.51638357251338,2.4778775498530683,-2.1955955964961592e-05,1.5471625677131353e-05,43.94639534316791,2.6482787483896666,0.0002743970050695362,1.6535594136286698e-05,103.15911567600976,-20.90433660772756,-86.20340537000654,-452.53228552717746,21.740098231827115,221.37796987557303,1.7502973149967254,96.57150884086442,0.017811963949255216,0.22247786185413926,-0.0102273192060813,-0.12771647590042928,15.79218074656189,197.22243614931241,0.5758093654121268,0.5758093654121268,-1.262662873441272,-64.33211304297528,-8.308883352959239
neutron_diffraction,Type 316H stainless steel,550.0,1.0,1,8.0,0.0,0.0,104.5377009938936,48.491457133060095,5.328843382144239,0.00012294886947618628,1.74127724668607e-05,98.121272160698,5.948653792610946,0.00043283259257558394,2.1664742880545658e-05,-14.953633266262623,5.084627933785216,-0.00027319608521226776,1.6111481455292943e-05,-19.805726812138055,3.164217434246619,-0.00012366502594895958,1.975706495529596e-05,-0.00028218861190529076,2.870003227548068,-1.7619581621403522e-09,1.7920020152495254e-05,6.168855885082235,2.9814714548584926,3.851773430685493e-05,1.861601688887254e-05,129.64648573682277,65.89594771241833,79.26843137254905,224.9074509803921,133.1598039215687,561.4702941176474,-14.740392156862752,-362.0780392156865,-0.030603228165321808,-0.3821783432969357,0.0036388387103821404,0.04534930120210076,-0.040604565140490295,-0.5069612055286168,-25.108784742929174,25.108784742929174,-30.77697423948895,-35.03853176087071,-0.2132411093998705
neutron_diffraction,Type 316H stainless steel,550.0,1.0,2,12.0,0.0,0.0,133.5307399668387,-18.698725691529745,4.714177456531627,8.7167708742595e-05,1.4741996997079778e-05,-132.09218046131883,5.78462923001477,-0.0006208499600638929,2.131497225246076e-05,1.4918019478841125,4.901122716635643,0.00021323539351552056,1.575313781201324e-05,-17.876831513637743,3.1864378082290683,-0.00011162119189003078,1.989580680260101e-05,-7.526695966024625,2.5421982357479065,-4.6995955300056196e-05,1.5873237764669856e-05,19.549553030281942,2.822666998461514,0.00012206550184761409,1.76244573562475e-05,134.1051935498668,-33.30037837837839,18.755675675675672,253.53027027027022,-122.2756756756757,-626.9056756756756,3.6188648648648654,159.0140540540541,0.02966239198393572,0.37041971088812137,-0.002377833148763464,-0.029681278121976927,0.004427198938069157,0.055375676401047125,-0.5744535830281166,0.5744535830281166,-37.45440136720542,-9.816504785643133,-2.127062916980753
neutron_diffraction,Type 316H stainless steel,550.0,1.0,3,8.0,4.0,0.0,96.60104772599777,45.28537614118899,5.538840257973048,0.00011849595020177346,1.763174431948821e-05,71.47991112075366,6.503779877482756,0.000282052071049787,2.3850507811974752e-05,3.497611557194306,5.633728695235529,-0.000142422775005608,1.814012564388331e-05,-17.352934209295118,3.760761697721483,-0.00010835002823364756,2.3481829136992674e-05,-4.498191492853204,2.887436703348383,-2.8086268833424883e-05,1.8028873074565515e-05,40.169251390372104,3.37690003701441,0.0002508128867301283,2.108503437745583e-05,78.64753196160873,43.26482123649637,61.156396360205164,204.5877588542494,73.41972486663741,281.1447945141491,-4.78165751735349,-207.14234886349837,-0.004741325922205577,-0.05920922965297459,-0.020008304653356148,-0.2498303598796115,17.11331668830986,213.70737838544824,17.95351576438904,17.95351576438904,-15.871020219016174,-1.9398137458837539,8.279269074547795
neutron_diffraction,Type 316H stainless steel,550.0,1.0,4,12.0,4.0,0.0,152.9027781844684,-18.21968732750452,4.563497995364978,5.215190407737067e-05,1.4498495239510895e-05,-110.84559024577491,5.210558327180793,-0.0005261951970708542,1.9065773725138234e-05,7.592634305183831,4.819922230689671,0.00021332152207659548,1.5858158108609687e-05,-18.680843843362535,2.839448920005007,-0.00011664136643660511,1.7729242037104432e-05,-11.500701334302587,2.428188729302245,-7.180925711174299e-05,1.5161373529301822e-05,58.59128480626676,2.74252782787299,0.00036583826610742175,1.7124076193548426e-05,119.03986941930825,-22.065288943078432,26.88194269457427,258.27906455327513,-95.35326966063813,-505.0798482693221,2.275460136828559,104.65888220551385,-0.00906139464399424,-0.11304969247621607,-0.013217813055779942,-0.16488083547669652,23.319106888843727,291.2092274605432,33.86290876516014,33.86290876516014,-45.101630022078794,-15.492320585136781,5.3171741683552725
neutron_diffraction,Type 316H stainless steel,550.0,1.0,5,-4.0,8.0,0.0,93.53760787006723,87.64064804287374,5.130935633244981,0.00044068453083426456,1.7152697518522113e-05,-7.760868486081802,5.254116522700531,-0.00015499323090750674,1.890596260585814e-05,-1.8808485787413376,4.762311848184831,-0.00011827896026655164,1.5220263393428287e-05,-0.6621790077531193,2.604765680566809,-4.134581121580453e-06,1.6263902785978125e-05,-2.1239112204594925,2.5249898399351145,-1.3261494449698296e-05,1.5765790220082667e-05,-7.288677808029524,2.8709876382986,-4.550979314281849e-05,1.7926166717181504e-05,86.21639025497936,28.942085750888136,85.97329905289294,418.20911552068907,0.9872774694003115,-112.42526951897509,-0.13431926962884805,-119.42573889731248,0.0020488095145570115,0.025691307772198906,0.009584592973095735,0.11969476871585999,-6.166137956797854,-76.99906761597117,7.321217615087875,7.321217615087875,1.6673489899807947,-8.748145955482114,-1.7465293091124896
neutron_diffraction,Type 316H stainless steel,550.0,1.0,6,0.0,8.0,0.0,80.91000665738878,75.31770745336655,5.459697320402344,0.00037600427600389724,1.831444073280129e-05,7.228274294554628,5.5211022221843695,-4.913950176819676e-05,1.9826489534390942e-05,-13.525306892527409,5.033792094350625,-0.000178722837960709,1.6085820599014025e-05,-4.44711648438409,3.0952146357639334,-2.776736146347139e-05,1.9326218213550413e-05,1.3643913330616537,2.5928837078175953,8.519126372287398e-06,1.6189712907348887e-05,-0.7146868945049967,3.142473864317467,-4.462435243738517e-06,1.9621300225982232e-05,77.03719888659559,39.797595269143144,85.26888930231921,369.35226218841945,36.24572471683814,63.23451880918408,-2.1218282117279195,-176.32418277338172,-0.017289300637910454,-0.2159060909000067,0.0027690686971917986,0.03454540341368151,-7.713417895009931,-96.32391488758864,3.8728077707931874,3.8728077707931874,-9.951181848952658,-29.017450422283513,-11.40347868079949
neutron_diffraction,Type 316H stainless steel,550.0,1.0,7,4.0,8.0,0.0,74.3053442891862,35.237088076119605,5.272780831395563,0.00012693870066204368,1.744903877047592e-05,35.313051210552544,5.518489060313894,0.00012741300706240548,1.9933647838561063e-05,-2.403571066264523,5.055717697711892,-0.00010808590276357427,1.6309838282673023e-05,9.176223748086734,2.5615374436590574,5.7295445841712296e-05,1.599398989211509e-05,-7.122118372898931,2.623561529937749,-4.4469812279564056e-05,1.638126223570887e-05,35.103736454663306,2.9638937207968343,0.00021918430566814163,1.8506263232292428e-05,62.39161910857681,35.90521831386808,42.997675719893024,121.34925425611624,66.04033280402548,265.2341256865535,-1.3223535823142432,-155.38028201796894,0.013054066759512192,0.16286703906906796,0.015361887889131669,0.19183867772598764,11.198699861830033,139.84365876141968,11.913725180609383,11.913725180609383,-7.76058764377342,-30.727281593472938,-1.08121748395028
neutron_diffraction,Type 316H stainless steel,550.0,1.0,8,8.0,8.0,0.0,130.63186616207463,1.1266565338470593,5.354766215370296,-5.732156487576217e-06,1.7812022887421997e-05,4.733676941697077,5.582635406930187,1.6789727034609258e-05,2.014404586186122e-05,3.486853821875007,5.014999390903099,9.00468511572024e-06,1.6025900986432573e-05,-15.229961940382557,2.8656628745969748,-9.509439650580328e-05,1.7892919412117695e-05,-9.202566525027224,2.7473660791915884,-5.74599275709017e-05,1.7154285762757233e-05,73.26822798287223,2.9393131459646695,0.0004574796674052511,1.8352784521145255e-05,64.9800475608048,12.520360457050325,10.80388991060278,16.14239981904196,25.941262969483006,110.68659680766322,0.8159284910651943,-46.20796118252184,0.007138434548639404,0.08915701411134458,0.005033512406954538,0.0628924249692563,35.31909501283426,441.0470777726419,65.65181860126982,65.65181860126982,-9.677233376755721,-21.20758602778593,2.670925330809813
neutron_diffraction,Type 316H stainless steel,550.0,1.0,9,12.0,8.0,0.0,154.64838440231833,-21.990609167320024,4.627820152833536,-2.7616359303918728e-05,1.4804475777931663e-05,-72.82470247443877,5.268178357904236,-0.0003450194784898309,1.925976910387413e-05,14.505932795807754,4.767453027156569,0.0002002644880756108,1.5545951898060905e-05,-19.535904438378648,3.064562846580698,-0.00012198028137133985,1.913483143230875e-05,-19.120135180717956,2.567476231802225,-0.00011938425868936091,1.6031071105887064e-05,72.80809974725805,2.7794589287036437,0.0004546066715926357,1.73546703841008e-05,83.136283630207,-17.131031691846722,5.039137234101949,101.66273814974036,-56.5381511361733,-282.8274685947183,0.10591882653118198,70.85856741667132,0.01096770089265818,0.13696236387014915,-0.011384254533515211,-0.1421220868850715,33.661630143487244,420.37630338897884,71.51210077211132,71.51210077211132,-27.029746401421974,-16.28655133826547,14.400013969276571
neutron_diffraction,Type 316H stainless steel,550.0,1.0,10,-4.0,12.0,0.0,75.27370204093873,-75.56858973363185,5.1573861628844995,-0.0003328341646389994,1.7370811376051824e-05,-35.35938976336,4.987509611372291,-8.17718428733996e-05,1.7791611844737187e-05,9.15372553965654,4.8498880659710215,0.00019616370633567933,1.5778420589299608e-05,8.289744092274073,2.933111583549248,5.176035335663812e-05,1.831406257045384e-05,-4.648571451246008,2.545319651694688,-2.9025226622414103e-05,1.5892727581313174e-05,-1.5393772812530577,2.9357097453390844,-9.611721560994702e-06,1.833028523919038e-05,86.80913975856954,-26.758579571653925,-84.17177648343647,-415.91986530760823,3.027292682926829,128.5487550054605,0.8687450855478703,115.07103021477977,-0.0009447291612880221,-0.011794397724526187,-0.0013398787142148753,-0.016733603290533236,-6.210557881325083,-77.57623225336731,-11.535437717630813,11.535437717630813,8.603186749804621,-38.38668244628683,8.28498045410867
neutron_diffraction,Type 316H stainless steel,550.0,1.0,11,0.0,12.0,0.0,81.516366763732,-103.36354163028078,5.075077332780363,-0.00040163054348113357,1.6962860795443362e-05,-56.336867782586694,5.046877252070423,-0.00010800057994431201,1.809235153463025e-05,-18.76770441972898,4.851682204202718,0.00012657761080914104,1.5801840307641998e-05,-4.79330709973283,3.1327764391409234,-2.9928941891014746e-05,1.9560750449270155e-05,-2.5230124472049456,2.5609520878515646,-1.5753443572791856e-05,1.5990334987560987e-05,19.724696997399295,2.8872846470017293,0.00012315908369107855,1.8027923649571773e-05,100.88838543757616,-26.428213686325464,-93.36102505703636,-474.64608419313055,12.759429552143386,187.95052029366025,1.3169544459165852,116.51670821233407,-0.01794153579983663,-0.22405001192430252,0.0033834693555112754,0.04225310122104191,0.2971269496516579,3.7125134139998965,-19.372018673844167,19.372018673844167,-10.00251657324442,-69.09629733473008,-20.084658865645565
neutron_diffraction,Type 316H stainless steel,550.0,1.0,12,4.0,12.0,0.0,123.23677224009113,-110.81709884492741,4.932176616072795,-0.0004015944917816788,1.654270352381112e-05,-71.79318585527406,4.712162962869858,-0.00015793298628530677,1.67899692603647e-05,-29.957628536451814,4.7935860125484036,0.00010328415209563224,1.5828430191711364e-05,-3.443412211628185,2.4630275025545374,-2.1500329906751593e-05,1.537890343058443e-05,-2.2423076500442476,2.488112135178867,-1.4000750205154326e-05,1.553552942940951e-05,58.39800267275789,2.6644773545992075,0.0003646314313225859,1.663673665310725e-05,105.295625087747,-20.847236542239678,-86.87735428945643,-457.1086313032089,23.479083169613627,232.05016371971186,0.856561493123772,90.78957039947608,0.007640985369895598,0.09528621943375601,-0.006954843187610382,-0.08684925968325818,17.256761624099543,215.47693844138837,17.94114715234413,17.94114715234413,-23.93974455547098,-95.27226902488769,-30.814190029575585
neutron_diffraction,Type 316H stainless steel,550.0,0.0,1,8.0,0.0,0.0,112.02624417043053,78.76181175600148,5.341967878554572,0.00019684804732751044,1.7167141493137617e-05,131.50025625773893,6.2417933363396365,0.0005261417495822615,2.286208063942344e-05,5.671036791767571,5.238395079794929,-0.00025952362074185245,1.661062212949388e-05,-10.489584729078555,3.10111216015208,-6.54959436742466e-05,1.9363041780461768e-05,8.93256470680538,2.716859696411214,5.57740625595653e-05,1.6963806884909043e-05,-0.8395217821696576,3.260351133535696,-5.241892103303227e-06,2.0357314394759465e-05,92.99958844473569,59.386166666666675,95.67107843137256,354.02784313725493,84.78137254901965,286.0266666666669,-2.2939509803921574,-257.66313725490204,-0.0004880800123024613,-0.006095432092695665,0.0010841493559919542,0.013521517842190953,-0.01933776531231096,-0.24157099757429323,19.026655725694837,19.026655725694837,-16.909266675371086,46.718883708719275,7.964987772159728
neutron_diffraction,Type 316H stainless steel,550.0,0.0,2,12.0,0.0,0.0,126.76448262035458,12.769643222745792,5.394521451687514,0.00021582790636883345,1.7530240131406645e-05,-115.82327021833301,5.917754905489388,-0.0005870936995071707,2.152676690346389e-05,3.412278850957788,5.388533689344928,0.00015740143614498638,1.749862134094554e-05,-4.173452554155633,3.257561484482955,-2.605863058204493e-05,2.0339896098235036e-05,-2.891049640724723,2.6275846706373636,-1.8051431903061686e-05,1.6406382333735735e-05,13.802167978403341,3.1628128874607926,8.617939030417697e-05,1.9748295102194215e-05,125.11721801483459,-22.758329675675686,35.32864864864864,313.8764864864865,-103.64324324324326,-553.9270270270271,0.03960556756756753,93.50432432432434,0.0025426503329018533,0.03175185457237268,-0.0001351375145910085,-0.0016905555056718497,0.0015015413964696578,0.018759081545320355,1.647264605519993,1.647264605519993,-22.559005425902846,-12.180026975089746,3.3726732833902204
neutron_diffraction,Type 316H stainless steel,550.0,0.0,3,8.0,4.0,0.0,87.18287452005274,45.21856763438287,5.506767663926196,0.00016169164370062654,1.7796515914384117e-05,49.915366932211285,6.282133053657245,0.00019101800029194542,2.2949998371198992e-05,-6.801864518802589,5.409508401734318,-0.000163118859499751,1.727725223330928e-05,-13.779409271079357,3.2725088701170293,-8.60372871560077e-05,2.043322611585267e-05,3.5930254972649185,2.886268765867803,2.243450066584925e-05,1.802158058688189e-05,36.60597828711172,3.1623774541330616,0.00022856415710977073,1.9745576298977166e-05,76.5818708958781,41.28399768620161,70.376112164725,270.2663681461897,54.73708115733519,172.6053963508628,-1.2612002634553763,-177.04268901988996,0.014809574044075935,0.18493683762200874,-0.005080186789693936,-0.06355195532313734,23.156255757247358,289.1843397733536,10.601003624174638,10.601003624174638,-25.15754453034213,-4.821714225123905,-5.540664255347212
neutron_diffraction,Type 316H stainless steel,550.0,0.0,4,12.0,4.0,0.0,116.88590081453697,28.251647247230736,5.291286533586974,0.00023244561143723048,1.7669198643167924e-05,-81.32712031914704,5.338032628585767,-0.00045175352263576246,1.9174375967804103e-05,12.04246639985593,5.015273272292837,0.0001312370676097195,1.6229659424111304e-05,-2.0196553771903525,2.8476185092571784,-1.2610531135627566e-05,1.7780252155361894e-05,3.1018366431227844,2.4005206082401345,1.936756538144958e-05,1.4988616480718888e-05,32.285966143319875,2.937065693028208,0.0002015904227485339,1.833875164427369e-05,114.75847207373785,-22.338573359488823,24.617908284224065,245.2015288220551,-91.66106076000816,-480.65938765833516,0.027432397317618422,91.67034478087116,-0.005191498889132532,-0.06482854283430153,0.0010942413183711534,0.013667600179583163,25.188435616067192,314.52122773149085,2.127428740799118,2.127428740799118,3.633738963006671,10.333940440861113,12.015034002538313
neutron_diffraction,Type 316H stainless steel,550.0,0.0,5,-4.0,8.0,0.0,99.40105977438965,93.21787773556942,4.965392487227754,0.0004668421439000335,1.6460674376364662e-05,-12.367154506560858,5.192110833373805,-0.00019242049644107277,1.8748936923260696e-05,3.493005349641488,4.721772958798799,-9.339120563161425e-05,1.5181261667045668e-05,4.283134972306973,2.5999240351473802,2.674347690025818e-05,1.623367202433486e-05,-5.454673077131203,2.4461463423423253,-3.40584465303802e-05,1.5273499113161836e-05,1.9258209600178746,2.850270400850355,1.2024638189379901e-05,1.779681030774856e-05,87.87531126014731,32.4196895451425,90.1967804953084,430.34090271826307,7.114192409958906,-88.42239670819873,-0.0519042698398048,-133.16772694310762,0.0011515654801092835,0.014380419550298541,0.009021491514561676,0.11266015093475121,-7.585574856615464,-94.71497538840178,11.525748514242338,11.525748514242338,3.021097240261014,-19.481346916519765,3.5449096194812926
neutron_diffraction,Type 316H stainless steel,550.0,0.0,6,0.0,8.0,0.0,78.96607909085472,96.18525725304629,5.557607789685538,0.0004026791814800088,1.8398421931133386e-05,35.06086682163082,5.959009966935328,2.1024450981414695e-05,2.1582825332786273e-05,13.639222641385189,5.183030418718373,-0.0001127302053635337,1.6416090817900838e-05,11.31751892086554,3.27881289083516,7.066548399369704e-05,2.0472587806190268e-05,-3.374111630560998,2.5985810254241475,-2.106762383960038e-05,1.6225286402648337e-05,-10.210552841233332,3.1456565030127175,-6.375369578916422e-05,1.9641172311494043e-05,68.66571745894014,40.548225064233414,76.6166005557414,312.22537686641033,45.565717514047144,118.3714667067201,-0.5376428770882982,-169.5048193840419,-0.01446848313852608,-0.1807002161814373,0.004228934730425245,0.05273565523763474,-8.036434618456894,-100.36871875661392,10.300361631914583,10.300361631914583,19.56865669730489,-10.504850692416326,14.176865518473488
neutron_diffraction,Type 316H stainless steel,550.0,0.0,7,4.0,8.0,0.0,65.2148549723917,41.585030647368406,5.490864344537449,0.00015196685764116622,1.852381960439553e-05,37.584486921951736,5.485052870929934,0.00012698785291661327,1.9650609520208167e-05,-0.327969668632655,4.957597304315043,-0.00010973382725874293,1.5733817127651285e-05,5.125142137216431,2.6375314519320865,3.200088749091235e-05,1.6468489065722296e-05,-3.9473679625281206,2.4801064780309683,-2.4646980448956073e-05,1.5485542887217753e-05,28.996561673382235,2.887596466307726,0.0001810517021557525,1.8029870618897023e-05,69.63781724492041,34.854708293360275,32.41858926398712,59.59540099949815,72.97010426677116,312.7908838341135,-0.8245686506774452,-147.9637531088243,0.0006494924584839815,0.008161190187690293,0.0008636205122166721,0.01078525344122204,15.830690162435642,197.69533302399762,-4.422962272528707,4.422962272528707,9.166441383381283,-35.38561734481942,0.49659898204479025
neutron_diffraction,Type 316H stainless steel,550.0,0.0,8,8.0,8.0,0.0,120.23766399434703,9.548460766325631,5.250306366257795,1.689440788624036e-05,1.7214396359772197e-05,10.259639231122293,5.786915590976854,2.1334936837165857e-05,2.104196628173291e-05,11.472886303328982,4.995835402858332,2.8910333190456405e-05,1.5862190545740334e-05,-8.720771275186115,2.8466626786910405,-5.445164503530842e-05,1.7774284042558692e-05,-3.5710580361017006,2.590830392625669,-2.229733798151306e-05,1.6176892207613934e-05,68.76976647472905,2.99567397579402,0.0004293917126226985,1.8704696043982172e-05,70.87692015617132,10.03865187891544,8.27749670243213,10.56788426549705,22.102583766878784,96.8520430562249,-0.2641248325645894,-42.782809600613724,0.01349121997795398,0.16847676326639763,0.009435691470250971,0.11783231697352956,39.33342940175648,491.1673087400793,49.36074383817571,49.36074383817571,1.2709640638935014,-11.84294453575649,11.737011135893571
neutron_diffraction,Type 316H stainless steel,550.0,0.0,9,12.0,8.0,0.0,122.86420612303341,2.0061033165980637,4.8569881581736265,8.67253342895623e-05,1.5841812611765075e-05,-62.22042053339535,5.230089492390938,-0.0003142988146274698,1.8981804395492642e-05,5.889741202101767,4.859361814366476,0.00011097439035514637,1.5854294489723325e-05,-6.985301881355743,2.933340042834855,-4.3615543454318786e-05,1.831548904794446e-05,-0.30502525262988883,2.4870367941824476,-1.9045479188597938e-06,1.5528815105139185e-05,59.327871829774544,2.8481475014185764,0.0003704374436200557,1.7783555130808674e-05,87.44173647294916,-19.510309834348533,1.4030998548378095,88.71165454190162,-59.96072357768968,-294.4589911227737,0.026694219806264317,80.11575367092848,0.010261267741591303,0.12803098540835234,0.0012838641361572608,0.01603248870555175,36.34604586566914,453.88986335212985,35.42246965008425,35.42246965008425,0.6030034617602542,-2.259696955705671,5.8630469822955025
neutron_diffraction,Type 316H stainless steel,550.0,0.0,10,-4.0,12.0,0.0,75.78014029868417,-69.08391880068862,5.191512246123835,-0.00031851873110539926,1.7164344078879592e-05,-23.768670658582575,5.437909986347171,-3.5574742705907777e-05,1.9646539350347646e-05,10.241603072576224,4.9972476196789035,0.00017678208839596175,1.614501679737332e-05,17.955793720900008,3.433670706894144,0.00011211422420854637,2.1439504901582948e-05,-0.6247537977404104,2.578524616104689,-3.9009017615011e-06,1.6100056139580498e-05,-2.7612014513576804,3.058406817335771,-1.724067247676991e-05,1.9096393786291642e-05,91.92648505364232,-27.920536245601255,-88.80933381871131,-440.1335220240262,4.916020931925736,145.11128867855842,0.13170414998179833,115.23539861667273,0.0013923943645674625,0.017388387355158186,-0.0008996008467748232,-0.011234492669341602,-5.52444939934474,-68.97192209683291,-16.14634475495815,16.14634475495815,19.725415018022687,-28.68469159050831,10.109898922594425
neutron_diffraction,Type 316H stainless steel,550.0,0.0,11,0.0,12.0,0.0,79.54055377009553,-95.49553795825113,5.240735930108372,-0.0003882644815858209,1.7748069970370325e-05,-46.5570842130267,5.01440793128141,-8.269755088393176e-05,1.7845303276831148e-05,-10.233341619679878,4.822991955114176,0.00014410435408916057,1.5584530742820754e-05,4.667334299407103,2.898039214009072,2.9142380015810208e-05,1.8095074116739573e-05,6.559754057100929,2.57299709077332,4.095846435653264e-05,1.606554281068219e-05,14.608698528366617,2.8657852690840433,9.121528837224034e-05,1.7893683631354027e-05,106.06551498282744,-26.263072441769395,-96.20478144297104,-492.9496136111546,17.3638796786599,215.99093955033138,0.051684439002952234,107.90692400039214,-0.002035610472088345,-0.02542190777370945,0.0009501798456689559,0.011866553474178875,2.4808194144275006,30.98103547171035,-26.52496121273191,26.52496121273191,0.7092434847199058,-63.9209638916866,-10.285026058682831
neutron_diffraction,Type 316H stainless steel,550.0,0.0,12,4.0,12.0,0.0,80.41731293279857,-57.91009218458722,5.004488691041101,-0.00028246109656478895,1.6893355039440805e-05,-10.161776897172683,4.829142502550982,1.5674725717604242e-05,1.721570927022849e-05,10.141893365724528,4.656483557731794,0.00014244886199325514,1.509014907571472e-05,12.316182275414045,2.5370417314635,7.690104054892671e-05,1.584104105499161e-05,0.12143878270648685,2.444883837694318,7.582519115331862e-07,1.5265616157310863e-05,27.98945189137524,2.6790135539637925,0.00017476340693151372,1.6727499263773923e-05,110.32831531411496,-22.970960492010466,-91.4953110674525,-477.2617157825802,22.588605108055017,235.1752717747217,-0.00617551663392272,94.11811001964634,-0.0036580639819261762,-0.045681198714417254,-0.006730341069721097,-0.08404601469404488,20.202095612311723,252.27161755075315,-29.911002381316393,29.911002381316393,33.585218882865284,-32.7503820052277,10.14806888235845
